time,Open,High,Low,Close,Volume
2026-04-08 01:00:00,4705.71,4819.64,4705.71,4818.17,26137
2026-04-08 02:00:00,4818.17,4836.25,4802.14,4833.42,26881
2026-04-08 03:00:00,4833.42,4857.71,4808.74,4817.87,28902
2026-04-08 04:00:00,4817.88,4825.37,4788.04,4810.2,33785
2026-04-08 05:00:00,4810.18,4825.27,4798.62,4804.02,18597
2026-04-08 06:00:00,4804.02,4805.81,4795.03,4797.57,17909
2026-04-08 07:00:00,4797.57,4806.52,4790.2,4803.6,15635
2026-04-08 08:00:00,4803.62,4843.82,4800.33,4827.53,18976
2026-04-08 09:00:00,4827.49,4839.81,4820.01,4820.09,21543
2026-04-08 10:00:00,4820.09,4821.21,4805.19,4813.44,17357
2026-04-08 11:00:00,4813.45,4819.95,4790.53,4793.86,18723
2026-04-08 12:00:00,4793.86,4806.67,4776.4,4783.28,18015
2026-04-08 13:00:00,4783.28,4796.14,4771.27,4782.63,16269
2026-04-08 14:00:00,4782.63,4802.72,4778.02,4798.46,22834
2026-04-08 15:00:00,4798.46,4807.19,4768.79,4799.67,25366
2026-04-08 16:00:00,4799.67,4806.7,4767.6,4777.73,33236
2026-04-08 17:00:00,4777.73,4791.95,4732.41,4736.35,37723
2026-04-08 18:00:00,4736.35,4763.16,4734.7,4756.52,28315
2026-04-08 19:00:00,4756.52,4765.62,4745.4,4760.51,22711
2026-04-08 20:00:00,4760.51,4764.41,4731.95,4734.06,23963
2026-04-08 21:00:00,4734.06,4744.49,4703.58,4705.18,31653
2026-04-08 22:00:00,4705.18,4731.87,4699.67,4730.63,24836
2026-04-09 01:00:00,4719.09,4732.42,4704.63,4717.68,11068
2026-04-09 02:00:00,4717.68,4720.0,4705.22,4715.77,11066
2026-04-09 03:00:00,4715.77,4719.14,4698.62,4706.77,16620
2026-04-09 04:00:00,4706.77,4728.17,4699.95,4727.29,21385
2026-04-09 05:00:00,4727.29,4732.93,4717.8,4719.06,15151
2026-04-09 06:00:00,4719.06,4720.42,4705.26,4711.52,13627
2026-04-09 07:00:00,4711.52,4725.38,4709.74,4721.13,10085
2026-04-09 08:00:00,4721.13,4726.63,4705.86,4713.19,15718
2026-04-09 09:00:00,4713.19,4725.41,4703.52,4712.56,17616
2026-04-09 10:00:00,4712.65,4731.45,4705.72,4724.47,20796
2026-04-09 11:00:00,4724.47,4733.32,4719.8,4726.23,15242
2026-04-09 12:00:00,4726.28,4733.38,4722.97,4729.25,14361
2026-04-09 13:00:00,4729.25,4746.79,4723.72,4741.1,15275
2026-04-09 14:00:00,4741.1,4757.57,4738.38,4756.62,14786
2026-04-09 15:00:00,4756.62,4759.68,4734.8,4745.93,19491
2026-04-09 16:00:00,4745.93,4777.22,4738.74,4764.49,27582
2026-04-09 17:00:00,4764.5,4776.35,4747.26,4768.63,27872
2026-04-09 18:00:00,4768.63,4798.03,4761.24,4792.79,30053
2026-04-09 19:00:00,4792.79,4800.97,4784.49,4788.89,21422
2026-04-09 20:00:00,4788.89,4801.22,4786.67,4797.87,17457
2026-04-09 21:00:00,4797.87,4798.16,4768.07,4772.16,21980
2026-04-09 22:00:00,4772.16,4782.6,4766.93,4768.85,18738
2026-04-10 01:00:00,4766.53,4780.19,4758.57,4764.18,7587
2026-04-10 02:00:00,4764.18,4764.24,4756.76,4763.7,8287
2026-04-10 03:00:00,4763.7,4763.73,4750.74,4762.74,13568
2026-04-10 04:00:00,4762.74,4777.16,4757.92,4764.52,18111
2026-04-10 05:00:00,4764.52,4765.41,4737.84,4753.03,17129
2026-04-10 06:00:00,4753.01,4769.64,4752.87,4766.53,13687
2026-04-10 07:00:00,4766.53,4770.79,4757.9,4758.55,7915
2026-04-10 08:00:00,4758.57,4769.18,4757.44,4765.89,11922
2026-04-10 09:00:00,4765.89,4765.89,4742.81,4746.36,17314
2026-04-10 10:00:00,4746.36,4757.61,4741.3,4749.61,15555
2026-04-10 11:00:00,4749.61,4753.3,4730.68,4740.77,17247
2026-04-10 12:00:00,4740.77,4760.84,4740.62,4751.54,17794
2026-04-10 13:00:00,4751.56,4760.73,4742.31,4757.3,14367
2026-04-10 14:00:00,4757.3,4768.82,4753.4,4768.13,14411
2026-04-10 15:00:00,4768.13,4782.3,4759.81,4771.83,24131
2026-04-10 16:00:00,4771.83,4780.21,4765.13,4775.11,25707
2026-04-10 17:00:00,4775.11,4795.03,4767.45,4774.63,27404
2026-04-10 18:00:00,4774.63,4787.26,4755.3,4762.25,25661
2026-04-10 19:00:00,4762.12,4766.14,4747.58,4763.84,21177
2026-04-10 20:00:00,4763.91,4768.67,4758.17,4760.37,16765
2026-04-10 21:00:00,4760.39,4773.16,4751.0,4765.24,16092
2026-04-10 22:00:00,4765.24,4770.46,4758.35,4759.74,15377
2026-04-13 01:00:00,4723.61,4723.61,4585.32,4659.08,20077
2026-04-13 02:00:00,4659.08,4671.92,4644.18,4671.35,14879
2026-04-13 03:00:00,4671.37,4698.52,4664.69,4695.64,18145
2026-04-13 04:00:00,4695.6,4728.09,4693.78,4721.26,23706
2026-04-13 05:00:00,4721.26,4727.84,4711.17,4720.48,16947
2026-04-13 06:00:00,4720.45,4723.97,4712.29,4718.14,13487
2026-04-13 07:00:00,4718.14,4724.99,4708.74,4723.12,10895
2026-04-13 08:00:00,4723.12,4730.78,4716.45,4729.46,14995
2026-04-13 09:00:00,4729.46,4732.8,4720.73,4725.69,17937
2026-04-13 10:00:00,4725.69,4740.03,4724.91,4733.74,17573
2026-04-13 11:00:00,4733.74,4738.65,4720.29,4723.35,17044
2026-04-13 12:00:00,4723.35,4728.51,4710.56,4714.61,16423
2026-04-13 13:00:00,4714.61,4723.97,4708.32,4722.26,14341
2026-04-13 14:00:00,4722.26,4729.12,4703.7,4706.79,18657
2026-04-13 15:00:00,4706.78,4725.19,4703.63,4723.55,20740
2026-04-13 16:00:00,4723.55,4744.72,4721.23,4730.81,29991
2026-04-13 17:00:00,4730.81,4731.3,4708.66,4719.14,27975
2026-04-13 18:00:00,4719.14,4719.87,4700.22,4714.55,24287
2026-04-13 19:00:00,4714.58,4746.22,4709.29,4733.08,26605
2026-04-13 20:00:00,4733.08,4750.12,4725.45,4729.92,20281
2026-04-13 21:00:00,4729.91,4740.75,4723.26,4738.38,16565
2026-04-13 22:00:00,4738.38,4747.46,4730.6,4741.16,17097
2026-04-14 01:00:00,4740.46,4759.52,4740.46,4757.99,9134
2026-04-14 02:00:00,4757.99,4765.93,4754.41,4757.68,10645
2026-04-14 03:00:00,4757.84,4775.82,4751.65,4769.86,16397
2026-04-14 04:00:00,4769.86,4776.96,4761.8,4764.81,21375
2026-04-14 05:00:00,4764.81,4777.18,4761.99,4775.06,15217
2026-04-14 06:00:00,4775.05,4775.57,4765.78,4768.03,11937
2026-04-14 07:00:00,4768.19,4777.03,4767.0,4774.17,8752
2026-04-14 08:00:00,4774.19,4774.36,4758.0,4760.06,15982
2026-04-14 09:00:00,4760.06,4783.04,4760.04,4782.23,17573
2026-04-14 10:00:00,4782.23,4796.35,4767.86,4777.14,22973
2026-04-14 11:00:00,4777.14,4789.98,4774.27,4786.74,18185
2026-04-14 12:00:00,4786.74,4789.34,4771.64,4778.32,16918
2026-04-14 13:00:00,4778.32,4788.02,4752.16,4768.4,17689
2026-04-14 14:00:00,4768.4,4783.06,4766.86,4774.97,18895
2026-04-14 15:00:00,4774.97,4777.62,4762.31,4771.36,22173
2026-04-14 16:00:00,4771.36,4803.49,4771.08,4794.67,29684
2026-04-14 17:00:00,4794.7,4818.0,4793.01,4803.85,33792
2026-04-14 18:00:00,4803.85,4816.21,4791.11,4808.13,26978
2026-04-14 19:00:00,4808.18,4820.45,4805.08,4810.23,20499
2026-04-14 20:00:00,4810.21,4841.44,4809.53,4835.09,21726
2026-04-14 21:00:00,4835.09,4843.38,4830.95,4835.65,20037
2026-04-14 22:00:00,4835.65,4846.31,4835.65,4844.9,20921
2026-04-15 01:00:00,4841.09,4850.64,4833.4,4835.12,10075
2026-04-15 02:00:00,4835.12,4844.12,4833.74,4837.16,12679
2026-04-15 03:00:00,4837.18,4840.16,4827.02,4835.42,15113
2026-04-15 04:00:00,4835.42,4871.42,4828.14,4847.11,26994
2026-04-15 05:00:00,4847.11,4853.52,4820.49,4823.95,21972
2026-04-15 06:00:00,4823.95,4829.58,4816.94,4823.98,14599
2026-04-15 07:00:00,4823.98,4827.77,4820.52,4824.97,10970
2026-04-15 08:00:00,4824.97,4830.39,4812.63,4819.91,20516
2026-04-15 09:00:00,4819.91,4824.9,4811.21,4811.67,21306
2026-04-15 10:00:00,4811.67,4816.98,4803.98,4811.15,21716
2026-04-15 11:00:00,4811.15,4821.33,4804.61,4818.44,20709
2026-04-15 12:00:00,4818.44,4819.57,4786.33,4798.15,22970
2026-04-15 13:00:00,4798.15,4805.26,4790.35,4799.98,20361
2026-04-15 14:00:00,4799.98,4814.98,4795.55,4812.66,18909
2026-04-15 15:00:00,4812.66,4816.2,4806.99,4811.63,18305
2026-04-15 16:00:00,4811.63,4830.26,4808.62,4828.94,30026
2026-04-15 17:00:00,4828.94,4830.63,4813.4,4815.57,27833
2026-04-15 18:00:00,4815.57,4816.18,4786.9,4801.63,28997
2026-04-15 19:00:00,4801.57,4812.64,4800.19,4803.9,19718
2026-04-15 20:00:00,4803.9,4808.75,4790.78,4792.55,18252
2026-04-15 21:00:00,4792.52,4802.17,4790.25,4799.79,18811
2026-04-15 22:00:00,4799.79,4803.46,4794.61,4795.81,17742
2026-04-16 01:00:00,4790.26,4811.96,4789.01,4807.56,8455
2026-04-16 02:00:00,4807.56,4826.73,4807.5,4823.4,9164
2026-04-16 03:00:00,4823.42,4837.59,4820.74,4833.11,13654
2026-04-16 04:00:00,4833.11,4836.41,4811.41,4818.01,18019
2026-04-16 05:00:00,4818.01,4825.16,4812.49,4819.69,14810
2026-04-16 06:00:00,4819.69,4827.1,4819.12,4824.0,11392
2026-04-16 07:00:00,4824.0,4833.46,4822.95,4833.08,8832
2026-04-16 08:00:00,4833.1,4838.38,4821.2,4821.32,14853
2026-04-16 09:00:00,4821.32,4830.55,4814.5,4826.08,19169
2026-04-16 10:00:00,4826.08,4830.97,4817.25,4821.11,17401
2026-04-16 11:00:00,4821.11,4822.06,4806.56,4813.96,17006
2026-04-16 12:00:00,4813.96,4818.09,4806.85,4812.89,15250
2026-04-16 13:00:00,4812.9,4817.32,4805.02,4817.24,16945
2026-04-16 14:00:00,4817.24,4822.53,4815.52,4822.15,16873
2026-04-16 15:00:00,4822.15,4823.36,4811.53,4816.27,18039
2026-04-16 16:00:00,4816.27,4824.0,4785.14,4794.84,29205
2026-04-16 17:00:00,4794.84,4805.32,4773.15,4788.77,34659
2026-04-16 18:00:00,4788.77,4812.99,4788.36,4806.96,28137
2026-04-16 19:00:00,4807.0,4810.09,4785.16,4791.98,22176
2026-04-16 20:00:00,4792.01,4795.45,4781.49,4789.19,21914
2026-04-16 21:00:00,4789.19,4794.3,4785.86,4789.56,21733
2026-04-16 22:00:00,4789.57,4798.63,4789.57,4793.67,16405
2026-04-17 01:00:00,4788.73,4798.01,4788.73,4795.28,7075
2026-04-17 02:00:00,4795.28,4797.78,4791.75,4791.76,7509
2026-04-17 03:00:00,4791.76,4801.29,4785.78,4794.86,12758
2026-04-17 04:00:00,4794.86,4795.62,4767.59,4789.55,22746
2026-04-17 05:00:00,4789.55,4794.78,4784.4,4784.52,13226
2026-04-17 06:00:00,4784.52,4798.07,4784.52,4793.29,11502
2026-04-17 07:00:00,4793.3,4804.51,4792.68,4803.03,7470
2026-04-17 08:00:00,4802.99,4806.28,4793.79,4794.24,14413
2026-04-17 09:00:00,4794.24,4795.25,4779.29,4785.06,16653
2026-04-17 10:00:00,4785.06,4794.76,4778.71,4784.36,16266
2026-04-17 11:00:00,4784.36,4796.89,4780.88,4795.93,14893
2026-04-17 12:00:00,4795.93,4800.9,4790.07,4790.37,14044
2026-04-17 13:00:00,4790.37,4793.94,4782.27,4787.36,13079
2026-04-17 14:00:00,4787.37,4811.85,4783.57,4799.12,15213
2026-04-17 15:00:00,4799.11,4847.65,4797.66,4846.36,29191
2026-04-17 16:00:00,4846.36,4889.64,4834.89,4880.3,44425
2026-04-17 17:00:00,4880.34,4885.48,4860.81,4872.94,30369
2026-04-17 18:00:00,4872.97,4880.54,4854.72,4867.55,27685
2026-04-17 19:00:00,4867.55,4873.51,4863.6,4866.97,18125
2026-04-17 20:00:00,4866.97,4869.57,4853.68,4862.63,20719
2026-04-17 21:00:00,4862.63,4868.1,4855.92,4858.26,18294
2026-04-17 22:00:00,4858.24,4861.28,4852.71,4854.44,16796
2026-04-20 01:00:00,4770.66,4795.3,4757.97,4779.37,20712
2026-04-20 02:00:00,4779.37,4779.45,4736.93,4755.1,20143
2026-04-20 03:00:00,4755.1,4774.3,4744.68,4772.48,20014
2026-04-20 04:00:00,4772.48,4814.44,4771.38,4807.74,26206
2026-04-20 05:00:00,4807.74,4809.08,4793.16,4797.36,16070
2026-04-20 06:00:00,4797.36,4798.44,4788.74,4790.83,12162
2026-04-20 07:00:00,4791.06,4795.65,4787.08,4788.81,8930
2026-04-20 08:00:00,4788.83,4796.05,4779.64,4790.81,17804
2026-04-20 09:00:00,4790.81,4795.41,4783.94,4795.41,18316
2026-04-20 10:00:00,4795.4,4805.74,4786.84,4789.72,19312
2026-04-20 11:00:00,4789.72,4796.21,4786.12,4796.17,14056
2026-04-20 12:00:00,4796.17,4797.87,4783.52,4791.65,14019
2026-04-20 13:00:00,4791.65,4800.99,4789.97,4795.81,11599
2026-04-20 14:00:00,4795.81,4810.83,4786.6,4810.49,16380
2026-04-20 15:00:00,4810.49,4822.08,4799.18,4803.45,23539
2026-04-20 16:00:00,4803.46,4826.29,4799.65,4817.94,29957
2026-04-20 17:00:00,4817.94,4827.61,4792.58,4805.38,32860
2026-04-20 18:00:00,4805.38,4809.49,4792.96,4799.68,29351
2026-04-20 19:00:00,4799.69,4806.36,4792.84,4805.53,17222
2026-04-20 20:00:00,4805.53,4812.16,4803.9,4806.74,16288
2026-04-20 21:00:00,4806.74,4816.57,4806.74,4814.08,18117
2026-04-20 22:00:00,4814.08,4821.38,4810.58,4814.3,13112
2026-04-21 01:00:00,4820.29,4833.24,4820.11,4827.62,11337
2026-04-21 02:00:00,4827.62,4831.7,4819.74,4821.74,7667
2026-04-21 03:00:00,4821.86,4830.75,4816.89,4823.97,15323
2026-04-21 04:00:00,4823.97,4824.59,4805.75,4810.22,17312
2026-04-21 05:00:00,4810.21,4810.42,4802.47,4806.86,13594
2026-04-21 06:00:00,4806.86,4807.7,4792.56,4797.12,13317
2026-04-21 07:00:00,4797.12,4797.78,4788.67,4789.11,9748
2026-04-21 08:00:00,4789.11,4797.0,4783.27,4784.18,14745
2026-04-21 09:00:00,4784.18,4790.64,4774.55,4778.77,19461
2026-04-21 10:00:00,4778.33,4792.62,4772.65,4786.03,16554
2026-04-21 11:00:00,4786.03,4793.1,4774.73,4785.95,16627
2026-04-21 12:00:00,4785.95,4789.65,4781.23,4783.72,14667
2026-04-21 13:00:00,4783.72,4790.47,4780.9,4789.79,12032
2026-04-21 14:00:00,4789.79,4797.95,4775.39,4794.66,17072
2026-04-21 15:00:00,4794.68,4796.98,4766.62,4778.72,23725
2026-04-21 16:00:00,4778.71,4794.39,4760.88,4779.22,32226
2026-04-21 17:00:00,4779.24,4782.58,4723.72,4739.04,38603
2026-04-21 18:00:00,4739.02,4757.61,4727.73,4741.56,35529
2026-04-21 19:00:00,4741.53,4746.96,4708.13,4711.08,32531
2026-04-21 20:00:00,4711.08,4722.17,4696.9,4710.98,35275
2026-04-21 21:00:00,4710.98,4714.65,4692.36,4709.25,33222
2026-04-21 22:00:00,4709.25,4715.12,4668.29,4679.43,30165
2026-04-22 01:00:00,4718.65,4728.95,4715.58,4719.62,9505
2026-04-22 02:00:00,4719.57,4740.56,4718.12,4738.09,10976
2026-04-22 03:00:00,4738.09,4747.47,4738.09,4739.84,14403
2026-04-22 04:00:00,4739.81,4754.67,4735.93,4752.23,18995
2026-04-22 05:00:00,4752.23,4758.77,4750.18,4755.75,12380
2026-04-22 06:00:00,4755.75,4765.05,4753.06,4758.25,11619
2026-04-22 07:00:00,4758.25,4759.7,4752.29,4754.6,9310
2026-04-22 08:00:00,4754.62,4772.07,4752.23,4767.73,16471
2026-04-22 09:00:00,4767.73,4767.83,4758.91,4767.69,13383
2026-04-22 10:00:00,4767.69,4772.35,4759.64,4760.71,14640
2026-04-22 11:00:00,4760.69,4762.31,4751.81,4757.02,15243
2026-04-22 12:00:00,4757.02,4762.48,4752.44,4755.17,14329
2026-04-22 13:00:00,4755.17,4760.17,4745.73,4759.23,14705
2026-04-22 14:00:00,4759.23,4760.79,4747.86,4750.34,14488
2026-04-22 15:00:00,4750.34,4760.11,4742.86,4744.22,18553
2026-04-22 16:00:00,4744.2,4760.98,4736.28,4752.96,31570
2026-04-22 17:00:00,4752.81,4757.48,4729.91,4736.05,29852
2026-04-22 18:00:00,4736.03,4740.16,4724.95,4727.66,24463
2026-04-22 19:00:00,4727.66,4734.97,4723.73,4728.68,18981
2026-04-22 20:00:00,4728.75,4739.58,4728.53,4737.17,17227
2026-04-22 21:00:00,4737.17,4749.36,4729.88,4741.72,15187
2026-04-22 22:00:00,4741.74,4745.35,4736.87,4740.12,15814
2026-04-23 01:00:00,4739.42,4745.71,4725.7,4726.0,7508
2026-04-23 02:00:00,4726.0,4729.87,4723.41,4727.87,8428
2026-04-23 03:00:00,4727.89,4753.62,4694.14,4747.88,29194
2026-04-23 04:00:00,4747.87,4749.96,4722.52,4723.48,22751
2026-04-23 05:00:00,4723.48,4724.72,4698.19,4698.89,24902
2026-04-23 06:00:00,4698.89,4708.66,4698.15,4703.95,18220
2026-04-23 07:00:00,4703.95,4707.06,4698.69,4704.48,10873
2026-04-23 08:00:00,4704.5,4715.32,4692.6,4713.46,17860
2026-04-23 09:00:00,4713.46,4721.18,4708.69,4712.97,17206
2026-04-23 10:00:00,4712.96,4720.64,4702.99,4719.11,18580
2026-04-23 11:00:00,4719.11,4724.78,4701.59,4703.3,17478
2026-04-23 12:00:00,4703.3,4703.65,4694.76,4697.54,17610
2026-04-23 13:00:00,4697.54,4701.68,4684.31,4696.58,19007
2026-04-23 14:00:00,4696.58,4720.92,4695.63,4720.65,18772
2026-04-23 15:00:00,4720.69,4743.13,4719.73,4740.22,27623
2026-04-23 16:00:00,4740.22,4741.24,4724.06,4724.4,27233
2026-04-23 17:00:00,4724.4,4736.82,4717.01,4733.65,29452
2026-04-23 18:00:00,4733.65,4740.89,4716.38,4720.67,24326
2026-04-23 19:00:00,4720.67,4737.16,4715.56,4732.95,18921
2026-04-23 20:00:00,4732.95,4734.54,4664.33,4709.31,42641
2026-04-23 21:00:00,4709.32,4722.32,4699.26,4701.1,26813
2026-04-23 22:00:00,4701.1,4704.56,4689.39,4696.13,24653
2026-04-24 01:00:00,4694.05,4702.05,4689.98,4693.2,8025
2026-04-24 02:00:00,4693.13,4700.77,4686.73,4695.43,11157
2026-04-24 03:00:00,4695.43,4707.85,4690.91,4704.62,18690
2026-04-24 04:00:00,4704.61,4711.05,4690.29,4699.59,23072
2026-04-24 05:00:00,4699.6,4700.73,4673.14,4676.72,20478
2026-04-24 06:00:00,4676.72,4678.32,4668.67,4672.16,17105
2026-04-24 07:00:00,4672.14,4676.86,4657.74,4674.49,15278
2026-04-24 08:00:00,4674.51,4687.36,4669.67,4686.41,16309
2026-04-24 09:00:00,4686.41,4688.08,4666.76,4671.83,18258
2026-04-24 10:00:00,4671.83,4695.32,4671.04,4694.53,14343
2026-04-24 11:00:00,4694.53,4697.4,4685.1,4690.83,16708
2026-04-24 12:00:00,4690.83,4696.75,4679.28,4682.11,16177
2026-04-24 13:00:00,4682.11,4686.19,4674.56,4677.78,14142
2026-04-24 14:00:00,4677.78,4717.24,4677.73,4706.88,27274
2026-04-24 15:00:00,4706.91,4711.76,4690.39,4700.73,22522
2026-04-24 16:00:00,4700.96,4717.51,4689.68,4711.65,27254
2026-04-24 17:00:00,4711.65,4740.29,4706.82,4726.39,33652
2026-04-24 18:00:00,4726.39,4733.6,4714.74,4727.09,27869
2026-04-24 19:00:00,4727.09,4729.69,4719.04,4726.89,22429
2026-04-24 20:00:00,4726.89,4730.13,4718.94,4723.34,20212
2026-04-24 21:00:00,4723.34,4724.79,4716.61,4722.69,16202
2026-04-24 22:00:00,4722.7,4726.06,4713.66,4716.45,16445
2026-04-27 01:00:00,4698.27,4699.83,4679.96,4684.69,12650
2026-04-27 02:00:00,4684.69,4684.89,4674.81,4679.96,11059
2026-04-27 03:00:00,4679.96,4698.2,4672.06,4697.77,16162
2026-04-27 04:00:00,4697.78,4709.69,4690.81,4702.74,23918
2026-04-27 05:00:00,4702.74,4723.5,4696.24,4718.29,17309
2026-04-27 06:00:00,4718.21,4729.44,4714.49,4724.17,13887
2026-04-27 07:00:00,4724.17,4730.11,4722.78,4725.02,9736
2026-04-27 08:00:00,4725.04,4725.53,4708.8,4710.03,15717
2026-04-27 09:00:00,4710.04,4715.64,4709.24,4712.83,17600
2026-04-27 10:00:00,4712.85,4718.4,4710.07,4713.37,16770
2026-04-27 11:00:00,4713.37,4714.77,4705.32,4706.82,16119
2026-04-27 12:00:00,4706.87,4708.29,4699.55,4703.6,12582
2026-04-27 13:00:00,4703.62,4710.94,4699.5,4708.78,12194
2026-04-27 14:00:00,4708.82,4709.13,4700.13,4704.81,14136
2026-04-27 15:00:00,4704.82,4712.64,4696.92,4699.21,19250
2026-04-27 16:00:00,4699.36,4703.46,4689.31,4696.18,26119
2026-04-27 17:00:00,4696.18,4696.74,4676.55,4678.08,28737
2026-04-27 18:00:00,4678.08,4682.55,4667.23,4670.04,25810
2026-04-27 19:00:00,4670.04,4679.51,4667.22,4676.69,16615
2026-04-27 20:00:00,4676.69,4686.16,4668.19,4682.21,18696
2026-04-27 21:00:00,4682.21,4685.47,4678.97,4680.69,14609
2026-04-27 22:00:00,4680.69,4682.69,4676.67,4680.86,15141
2026-04-28 01:00:00,4681.69,4691.21,4681.29,4687.93,6359
2026-04-28 02:00:00,4687.93,4695.0,4687.25,4691.87,6988
2026-04-28 03:00:00,4691.89,4701.24,4690.44,4690.54,13588
2026-04-28 04:00:00,4690.54,4691.46,4669.49,4670.69,18856
2026-04-28 05:00:00,4670.69,4679.81,4666.44,4669.13,16692
2026-04-28 06:00:00,4669.13,4675.81,4668.47,4670.89,11942
2026-04-28 07:00:00,4670.89,4671.24,4666.56,4667.62,9710
2026-04-28 08:00:00,4667.64,4668.01,4623.88,4632.21,24351
2026-04-28 09:00:00,4632.21,4642.96,4623.23,4628.99,21450
2026-04-28 10:00:00,4628.99,4639.45,4620.45,4633.28,19306
2026-04-28 11:00:00,4633.28,4635.49,4614.73,4629.69,20697
2026-04-28 12:00:00,4629.69,4630.03,4604.58,4604.87,20054
2026-04-28 13:00:00,4604.87,4616.49,4603.07,4603.2,17585
2026-04-28 14:00:00,4603.2,4608.73,4555.49,4562.55,27930
2026-04-28 15:00:00,4562.55,4600.16,4554.83,4593.78,28044
2026-04-28 16:00:00,4593.78,4594.67,4570.82,4580.2,30321
2026-04-28 17:00:00,4580.23,4580.61,4557.29,4574.44,38556
2026-04-28 18:00:00,4574.44,4586.57,4567.01,4586.57,28588
2026-04-28 19:00:00,4586.57,4594.75,4577.84,4592.23,22844
2026-04-28 20:00:00,4592.23,4601.51,4587.19,4594.73,19813
2026-04-28 21:00:00,4594.73,4600.49,4592.0,4594.26,14595
2026-04-28 22:00:00,4594.26,4599.93,4593.36,4595.67,12490
2026-04-29 01:00:00,4596.54,4599.6,4592.38,4594.08,4845
2026-04-29 02:00:00,4594.08,4596.21,4587.9,4595.65,7421
2026-04-29 03:00:00,4595.68,4610.25,4594.95,4600.15,15389
2026-04-29 04:00:00,4600.15,4600.38,4575.99,4584.79,23538
2026-04-29 05:00:00,4584.79,4604.27,4584.79,4593.66,17911
2026-04-29 06:00:00,4593.65,4603.36,4592.2,4595.45,12769
2026-04-29 07:00:00,4595.46,4605.61,4595.28,4604.76,9953
2026-04-29 08:00:00,4604.78,4607.73,4590.83,4591.1,13522
2026-04-29 09:00:00,4591.1,4598.68,4580.99,4584.51,18284
2026-04-29 10:00:00,4584.51,4588.91,4567.29,4567.83,20484
2026-04-29 11:00:00,4567.99,4576.73,4557.19,4573.13,20577
2026-04-29 12:00:00,4573.13,4580.86,4551.51,4555.67,19224
2026-04-29 13:00:00,4555.67,4576.6,4555.02,4569.81,16770
2026-04-29 14:00:00,4569.83,4571.99,4559.3,4561.55,17101
2026-04-29 15:00:00,4561.55,4569.11,4541.9,4544.91,20960
2026-04-29 16:00:00,4544.91,4553.34,4510.02,4521.83,31366
2026-04-29 17:00:00,4521.82,4542.75,4517.86,4539.26,28643
2026-04-29 18:00:00,4539.26,4558.95,4536.29,4547.65,27653
2026-04-29 19:00:00,4547.58,4564.85,4543.28,4545.46,28317
2026-04-29 20:00:00,4545.46,4554.54,4541.63,4547.3,20988
2026-04-29 21:00:00,4547.3,4552.8,4518.33,4538.23,35240
2026-04-29 22:00:00,4538.2,4550.66,4533.19,4546.81,23009
2026-04-30 01:00:00,4543.54,4552.75,4539.04,4552.12,9532
2026-04-30 02:00:00,4552.12,4562.07,4549.67,4561.71,10810
2026-04-30 03:00:00,4561.72,4574.12,4556.39,4569.86,20694
2026-04-30 04:00:00,4569.86,4582.57,4564.59,4579.29,22000
2026-04-30 05:00:00,4579.29,4581.92,4559.82,4564.91,20580
2026-04-30 06:00:00,4564.91,4569.07,4555.66,4556.01,16584
2026-04-30 07:00:00,4556.01,4556.99,4540.93,4542.11,17593
2026-04-30 08:00:00,4542.13,4569.75,4541.97,4562.67,18327
2026-04-30 09:00:00,4562.67,4591.49,4560.31,4589.54,21083
2026-04-30 10:00:00,4589.54,4605.49,4584.96,4598.46,21707
2026-04-30 11:00:00,4598.47,4629.56,4597.32,4616.38,27410
2026-04-30 12:00:00,4616.38,4631.83,4614.3,4625.21,25982
2026-04-30 13:00:00,4625.23,4646.89,4623.82,4639.67,25105
2026-04-30 14:00:00,4639.67,4645.83,4626.82,4630.12,32344
2026-04-30 15:00:00,4630.12,4640.08,4624.56,4639.58,30498
2026-04-30 16:00:00,4639.61,4646.1,4610.62,4610.94,32138
2026-04-30 17:00:00,4610.69,4626.02,4609.41,4619.68,33398
2026-04-30 18:00:00,4619.68,4625.47,4611.31,4615.31,31198
2026-04-30 19:00:00,4615.27,4617.7,4605.36,4607.6,23953
2026-04-30 20:00:00,4607.65,4621.68,4607.62,4616.84,26766
2026-04-30 21:00:00,4616.87,4625.22,4616.75,4622.44,18318
2026-04-30 22:00:00,4622.44,4627.56,4614.57,4616.92,19327
2026-05-01 01:00:00,4621.94,4632.77,4621.94,4630.3,7586
2026-05-01 02:00:00,4630.3,4634.03,4626.33,4626.46,8945
2026-05-01 03:00:00,4626.46,4631.02,4618.41,4619.64,15277
2026-05-01 04:00:00,4619.7,4622.18,4613.85,4620.91,12284
2026-05-01 05:00:00,4620.9,4636.01,4616.54,4619.12,11360
2026-05-01 06:00:00,4619.12,4631.93,4617.72,4626.7,9758
2026-05-01 07:00:00,4626.7,4628.87,4609.17,4609.17,10481
2026-05-01 08:00:00,4609.19,4616.19,4602.79,4604.94,11050
2026-05-01 09:00:00,4604.93,4607.85,4590.83,4594.81,14300
2026-05-01 10:00:00,4594.81,4598.07,4575.9,4578.2,16214
2026-05-01 11:00:00,4578.19,4582.54,4565.11,4568.82,14256
2026-05-01 12:00:00,4569.07,4572.98,4560.1,4562.73,12202
2026-05-01 13:00:00,4562.67,4576.02,4561.41,4566.88,10652
2026-05-01 14:00:00,4566.88,4579.6,4562.55,4578.69,13328
2026-05-01 15:00:00,4578.69,4607.75,4574.9,4591.21,20046
2026-05-01 16:00:00,4591.19,4628.91,4586.52,4625.92,23224
2026-05-01 17:00:00,4625.9,4660.16,4624.97,4632.1,32571
2026-05-01 18:00:00,4632.1,4648.31,4619.14,4643.25,24028
2026-05-01 19:00:00,4643.25,4650.1,4633.98,4638.97,21039
2026-05-01 20:00:00,4638.97,4642.78,4626.83,4629.5,14926
2026-05-01 21:00:00,4629.5,4630.71,4613.63,4624.31,17849
2026-05-01 22:00:00,4624.33,4627.7,4608.7,4610.82,16017
2026-05-04 01:00:00,4627.14,4629.4,4612.58,4618.8,10725
2026-05-04 02:00:00,4618.8,4620.85,4611.3,4613.88,10802
2026-05-04 03:00:00,4613.88,4616.56,4601.92,4613.03,17485
2026-05-04 04:00:00,4613.03,4614.02,4592.64,4613.1,16747
2026-05-04 05:00:00,4613.1,4618.68,4591.14,4605.89,16214
2026-05-04 06:00:00,4605.89,4617.19,4598.47,4615.0,15301
2026-05-04 07:00:00,4615.06,4615.4,4605.15,4605.95,12007
2026-05-04 08:00:00,4605.97,4613.19,4592.33,4599.07,16377
2026-05-04 09:00:00,4599.07,4600.74,4583.68,4588.64,17665
2026-05-04 10:00:00,4588.64,4593.4,4577.93,4578.96,17155
2026-05-04 11:00:00,4578.96,4581.41,4573.82,4577.01,17603
2026-05-04 12:00:00,4576.94,4584.53,4572.33,4575.42,12690
2026-05-04 13:00:00,4575.42,4575.85,4527.28,4562.66,30576
2026-05-04 14:00:00,4562.66,4570.79,4551.43,4560.64,20486
2026-05-04 15:00:00,4560.64,4579.32,4559.24,4568.34,21224
2026-05-04 16:00:00,4568.34,4575.63,4555.55,4564.07,28817
2026-05-04 17:00:00,4564.07,4583.27,4553.58,4561.5,28417
2026-05-04 18:00:00,4561.5,4566.08,4512.55,4521.57,36259
2026-05-04 19:00:00,4521.57,4526.88,4500.98,4510.72,31701
2026-05-04 20:00:00,4510.72,4531.68,4510.69,4522.41,22952
2026-05-04 21:00:00,4522.41,4525.43,4509.85,4516.33,17344
2026-05-04 22:00:00,4516.33,4527.15,4511.34,4517.81,20215
2026-05-05 01:00:00,4523.49,4524.32,4515.68,4517.53,5053
2026-05-05 02:00:00,4517.53,4521.64,4516.22,4519.01,5884
2026-05-05 03:00:00,4519.01,4530.5,4513.6,4530.03,14521
2026-05-05 04:00:00,4529.91,4542.09,4525.46,4540.89,15819
2026-05-05 05:00:00,4540.89,4546.69,4534.64,4539.04,11972
2026-05-05 06:00:00,4539.04,4542.73,4532.34,4534.56,9418
2026-05-05 07:00:00,4534.56,4536.61,4527.99,4533.7,10107
2026-05-05 08:00:00,4533.72,4551.76,4531.46,4545.66,15074
2026-05-05 09:00:00,4545.68,4552.01,4533.7,4548.09,15884
2026-05-05 10:00:00,4548.09,4558.31,4543.32,4545.52,16975
2026-05-05 11:00:00,4545.52,4559.69,4545.45,4558.54,16925
2026-05-05 12:00:00,4558.54,4560.45,4551.02,4556.27,14340
2026-05-05 13:00:00,4556.25,4556.9,4540.22,4543.75,14270
2026-05-05 14:00:00,4543.76,4564.96,4539.82,4562.8,17974
2026-05-05 15:00:00,4562.81,4574.62,4554.17,4564.55,20661
2026-05-05 16:00:00,4564.51,4585.12,4564.28,4579.42,22777
2026-05-05 17:00:00,4579.42,4586.78,4565.88,4582.39,25513
2026-05-05 18:00:00,4582.39,4583.9,4568.32,4568.51,19876
2026-05-05 19:00:00,4568.51,4569.02,4553.67,4561.18,17854
2026-05-05 20:00:00,4561.19,4562.74,4553.16,4559.81,15208
2026-05-05 21:00:00,4559.81,4565.76,4557.66,4561.06,12437
2026-05-05 22:00:00,4561.06,4561.55,4551.59,4554.74,11659
2026-05-06 01:00:00,4556.42,4577.42,4546.14,4573.37,8925
2026-05-06 02:00:00,4573.37,4595.72,4569.54,4593.98,15987
2026-05-06 03:00:00,4594.0,4620.03,4588.14,4618.79,18136
2026-05-06 04:00:00,4618.61,4628.78,4609.48,4626.02,20564
2026-05-06 05:00:00,4626.02,4641.79,4625.3,4640.67,15137
2026-05-06 06:00:00,4640.67,4652.0,4638.56,4643.6,13949
2026-05-06 07:00:00,4643.6,4653.68,4643.43,4648.97,12330
2026-05-06 08:00:00,4648.99,4663.92,4644.55,4662.89,14207
2026-05-06 09:00:00,4662.89,4669.5,4657.18,4669.31,17406
2026-05-06 10:00:00,4669.33,4681.8,4657.46,4681.57,16766
2026-05-06 11:00:00,4681.48,4702.51,4671.6,4700.02,21507
2026-05-06 12:00:00,4700.3,4708.52,4689.11,4701.78,22538
2026-05-06 13:00:00,4701.76,4722.87,4695.5,4717.94,22744
2026-05-06 14:00:00,4717.94,4721.16,4690.81,4692.17,24185
2026-05-06 15:00:00,4692.17,4693.01,4660.26,4683.34,27250
2026-05-06 16:00:00,4683.34,4707.75,4668.73,4702.15,30633
2026-05-06 17:00:00,4702.15,4717.62,4697.62,4703.07,29979
2026-05-06 18:00:00,4703.07,4705.87,4687.69,4687.69,22698
2026-05-06 19:00:00,4687.62,4692.1,4679.48,4683.07,20796
2026-05-06 20:00:00,4683.07,4688.04,4678.94,4684.09,16340
2026-05-06 21:00:00,4684.11,4690.5,4681.95,4686.06,12016
2026-05-06 22:00:00,4686.06,4700.13,4686.02,4692.51,14463
2026-05-07 01:00:00,4690.61,4699.88,4677.09,4694.88,7195
2026-05-07 02:00:00,4694.88,4699.54,4690.26,4698.89,8530
2026-05-07 03:00:00,4698.91,4701.12,4685.56,4688.71,18420
2026-05-07 04:00:00,4688.71,4721.28,4685.21,4714.75,22716
2026-05-07 05:00:00,4714.75,4718.48,4699.93,4707.18,16983
2026-05-07 06:00:00,4707.18,4709.98,4698.89,4699.19,12339
2026-05-07 07:00:00,4699.19,4700.89,4692.4,4696.37,11528
2026-05-07 08:00:00,4696.39,4706.57,4694.81,4701.12,14061
2026-05-07 09:00:00,4701.12,4750.27,4701.08,4739.15,21779
2026-05-07 10:00:00,4739.15,4750.73,4731.67,4743.15,24143
2026-05-07 11:00:00,4743.15,4753.48,4730.99,4731.18,20695
2026-05-07 12:00:00,4731.18,4739.45,4721.81,4729.06,18488
2026-05-07 13:00:00,4729.06,4739.78,4726.62,4735.68,16284
2026-05-07 14:00:00,4735.9,4743.59,4727.25,4742.78,19107
2026-05-07 15:00:00,4742.78,4752.78,4733.38,4749.99,24032
2026-05-07 16:00:00,4749.99,4758.39,4731.21,4746.29,30198
2026-05-07 17:00:00,4746.29,4763.36,4741.04,4762.71,30576
2026-05-07 18:00:00,4762.71,4764.81,4726.4,4729.25,28413
2026-05-07 19:00:00,4729.25,4729.73,4704.44,4714.96,30488
2026-05-07 20:00:00,4714.96,4719.61,4687.61,4711.48,30963
2026-05-07 21:00:00,4711.48,4716.11,4695.52,4709.78,24274
2026-05-07 22:00:00,4709.76,4713.01,4697.82,4703.08,22756
2026-05-08 01:00:00,4684.91,4699.4,4678.29,4685.87,12361
2026-05-08 02:00:00,4685.87,4705.49,4684.55,4704.23,9908
2026-05-08 03:00:00,4704.23,4709.61,4693.94,4701.36,17969
2026-05-08 04:00:00,4701.35,4725.42,4700.63,4722.87,19928
2026-05-08 05:00:00,4722.87,4732.78,4707.02,4713.24,19466
2026-05-08 06:00:00,4713.24,4731.1,4711.06,4719.6,13983
2026-05-08 07:00:00,4719.61,4723.27,4709.1,4711.02,12832
2026-05-08 08:00:00,4711.03,4731.36,4709.71,4727.6,15909
2026-05-08 09:00:00,4727.6,4734.71,4712.67,4725.73,21353
2026-05-08 10:00:00,4725.71,4726.49,4697.42,4708.0,21818
2026-05-08 11:00:00,4708.0,4723.5,4706.7,4715.85,17654
2026-05-08 12:00:00,4715.85,4722.86,4707.44,4711.89,16596
2026-05-08 13:00:00,4711.89,4727.89,4711.14,4719.83,15097
2026-05-08 14:00:00,4719.83,4727.33,4713.6,4717.74,17112
2026-05-08 15:00:00,4717.72,4732.15,4702.79,4724.39,27783
2026-05-08 16:00:00,4724.39,4747.99,4716.67,4747.99,31416
2026-05-08 17:00:00,4747.99,4749.51,4713.3,4715.93,34402
2026-05-08 18:00:00,4715.86,4720.98,4701.91,4707.03,26769
2026-05-08 19:00:00,4707.04,4720.22,4705.46,4712.4,19261
2026-05-08 20:00:00,4712.4,4722.76,4712.15,4720.82,15304
2026-05-08 21:00:00,4720.83,4728.99,4719.92,4721.91,16060
2026-05-08 22:00:00,4721.91,4726.83,4721.01,4724.01,13264
2026-05-11 01:00:00,4693.11,4701.37,4678.03,4691.83,13086
2026-05-11 02:00:00,4691.83,4698.54,4688.83,4691.55,10791
2026-05-11 03:00:00,4691.58,4693.35,4670.27,4683.45,20186
2026-05-11 04:00:00,4683.45,4705.52,4674.72,4685.7,26073
2026-05-11 05:00:00,4685.69,4700.29,4676.51,4681.7,20021
2026-05-11 06:00:00,4681.69,4690.43,4675.09,4678.7,15198
2026-05-11 07:00:00,4678.71,4679.91,4668.45,4672.1,13114
2026-05-11 08:00:00,4672.12,4680.75,4648.14,4652.28,19095
2026-05-11 09:00:00,4652.28,4680.45,4649.22,4678.4,19797
2026-05-11 10:00:00,4678.4,4680.34,4664.36,4667.81,15191
2026-05-11 11:00:00,4667.81,4678.75,4664.21,4667.52,16625
2026-05-11 12:00:00,4667.52,4669.94,4650.6,4656.8,15126
2026-05-11 13:00:00,4656.8,4667.49,4656.35,4663.95,13921
2026-05-11 14:00:00,4663.95,4677.35,4663.95,4674.51,15411
2026-05-11 15:00:00,4674.51,4701.13,4667.49,4699.99,24424
2026-05-11 16:00:00,4699.99,4748.62,4698.67,4736.29,34033
2026-05-11 17:00:00,4736.29,4738.54,4715.4,4725.55,28471
2026-05-11 18:00:00,4725.55,4738.23,4722.86,4732.12,22656
2026-05-11 19:00:00,4732.24,4733.49,4708.08,4716.52,18523
2026-05-11 20:00:00,4716.52,4724.6,4715.92,4723.68,15701
2026-05-11 21:00:00,4723.62,4729.39,4721.07,4724.96,13557
2026-05-11 22:00:00,4724.96,4736.17,4722.45,4733.57,14250
2026-05-12 01:00:00,4735.66,4755.1,4735.18,4750.87,9386
2026-05-12 02:00:00,4750.87,4769.77,4746.11,4767.31,13736
2026-05-12 03:00:00,4767.31,4773.42,4748.63,4749.31,18961
2026-05-12 04:00:00,4749.18,4755.51,4720.28,4727.12,26880
2026-05-12 05:00:00,4727.12,4733.95,4722.27,4730.06,19813
2026-05-12 06:00:00,4730.01,4733.26,4718.13,4720.2,15301
2026-05-12 07:00:00,4720.17,4730.4,4711.36,4714.2,13786
2026-05-12 08:00:00,4714.2,4722.09,4708.63,4714.32,19176
2026-05-12 09:00:00,4714.32,4714.46,4694.43,4696.99,23253
2026-05-12 10:00:00,4696.99,4703.8,4686.83,4699.88,19576
2026-05-12 11:00:00,4699.88,4706.81,4697.11,4703.44,15846
2026-05-12 12:00:00,4703.45,4705.34,4694.28,4699.5,15997
2026-05-12 13:00:00,4699.47,4708.4,4685.17,4694.43,16528
2026-05-12 14:00:00,4694.43,4709.21,4687.19,4706.7,18028
2026-05-12 15:00:00,4706.7,4711.85,4689.61,4705.77,23772
2026-05-12 16:00:00,4705.72,4709.09,4676.89,4679.4,33142
2026-05-12 17:00:00,4679.4,4695.08,4669.71,4672.88,31988
2026-05-12 18:00:00,4672.84,4676.17,4638.32,4666.13,33643
2026-05-12 19:00:00,4666.13,4675.06,4664.21,4671.15,24140
2026-05-12 20:00:00,4671.15,4682.44,4671.15,4678.85,20660
2026-05-12 21:00:00,4678.88,4698.23,4676.28,4696.05,21289
2026-05-12 22:00:00,4696.05,4715.78,4696.05,4715.71,18915
2026-05-13 01:00:00,4715.35,4722.36,4710.53,4716.96,8568
2026-05-13 02:00:00,4716.96,4723.89,4715.4,4717.01,12665
2026-05-13 03:00:00,4717.03,4727.01,4714.08,4714.57,19128
2026-05-13 04:00:00,4714.57,4717.15,4701.11,4702.5,24343
2026-05-13 05:00:00,4702.5,4707.64,4687.57,4691.89,20839
2026-05-13 06:00:00,4691.89,4705.87,4688.92,4696.0,16095
2026-05-13 07:00:00,4695.96,4703.37,4695.48,4699.68,11796
2026-05-13 08:00:00,4699.7,4707.34,4693.7,4704.08,18254
2026-05-13 09:00:00,4704.08,4715.41,4699.15,4701.72,19488
2026-05-13 10:00:00,4701.77,4708.81,4696.71,4702.9,17317
2026-05-13 11:00:00,4702.78,4704.3,4694.43,4700.62,15506
2026-05-13 12:00:00,4700.62,4701.82,4686.01,4700.91,16955
2026-05-13 13:00:00,4700.91,4710.45,4693.72,4694.18,16744
2026-05-13 14:00:00,4694.17,4705.43,4691.54,4697.43,18089
2026-05-13 15:00:00,4697.43,4701.59,4676.13,4683.85,27919
2026-05-13 16:00:00,4683.84,4694.74,4669.45,4679.36,30238
2026-05-13 17:00:00,4679.41,4691.02,4672.9,4679.77,28914
2026-05-13 18:00:00,4679.77,4700.03,4678.94,4695.54,24053
2026-05-13 19:00:00,4695.49,4709.88,4695.01,4695.67,20379
2026-05-13 20:00:00,4695.67,4701.3,4684.59,4685.59,18403
2026-05-13 21:00:00,4685.58,4693.98,4677.63,4684.95,16327
2026-05-13 22:00:00,4684.95,4690.52,4683.36,4688.21,16034
2026-05-14 01:00:00,4689.14,4700.6,4688.9,4700.05,6780
2026-05-14 02:00:00,4700.06,4702.11,4693.18,4696.61,7718
2026-05-14 03:00:00,4696.61,4706.77,4689.46,4705.0,17197
2026-05-14 04:00:00,4704.9,4707.01,4683.55,4688.69,26746
2026-05-14 05:00:00,4688.69,4699.65,4679.96,4686.32,20127
2026-05-14 06:00:00,4686.32,4693.37,4673.93,4674.97,17822
2026-05-14 07:00:00,4675.0,4712.91,4668.38,4702.43,15669
2026-05-14 08:00:00,4702.48,4704.27,4688.96,4689.78,17852
2026-05-14 09:00:00,4689.78,4702.38,4686.06,4700.26,19546
2026-05-14 10:00:00,4700.26,4718.76,4690.7,4693.08,18423
2026-05-14 11:00:00,4693.08,4706.51,4692.2,4693.32,18289
2026-05-14 12:00:00,4693.32,4702.53,4688.48,4699.55,16027
2026-05-14 13:00:00,4699.55,4705.32,4691.17,4697.01,17206
2026-05-14 14:00:00,4697.01,4704.83,4689.34,4694.29,16927
2026-05-14 15:00:00,4694.29,4710.06,4692.29,4704.82,20235
2026-05-14 16:00:00,4704.82,4707.8,4666.65,4679.57,31334
2026-05-14 17:00:00,4679.57,4701.0,4677.9,4679.59,26691
2026-05-14 18:00:00,4679.59,4689.38,4676.85,4685.82,21541
2026-05-14 19:00:00,4685.78,4686.97,4670.32,4678.6,19771
2026-05-14 20:00:00,4678.6,4682.99,4676.45,4678.23,16336
2026-05-14 21:00:00,4678.23,4678.4,4667.0,4671.67,14631
2026-05-14 22:00:00,4671.71,4671.87,4653.03,4654.23,15257
2026-05-15 01:00:00,4651.88,4662.72,4645.7,4662.39,9076
2026-05-15 02:00:00,4662.39,4665.28,4646.79,4652.16,12481
2026-05-15 03:00:00,4652.1,4658.25,4613.61,4630.53,26931
2026-05-15 04:00:00,4630.56,4631.68,4607.1,4613.84,36423
2026-05-15 05:00:00,4613.84,4623.44,4609.36,4618.11,23399
2026-05-15 06:00:00,4618.03,4622.31,4607.47,4615.42,18412
2026-05-15 07:00:00,4615.42,4621.51,4604.45,4605.82,15929
2026-05-15 08:00:00,4606.03,4606.45,4557.97,4558.75,31606
2026-05-15 09:00:00,4558.75,4580.55,4556.34,4569.93,29794
2026-05-15 10:00:00,4569.93,4588.63,4565.95,4570.74,24675
2026-05-15 11:00:00,4570.74,4572.0,4550.12,4554.42,27050
2026-05-15 12:00:00,4554.42,4563.81,4531.89,4545.79,27022
2026-05-15 13:00:00,4545.79,4572.58,4544.2,4566.11,25079
2026-05-15 14:00:00,4566.05,4570.35,4549.93,4551.97,22785
2026-05-15 15:00:00,4551.97,4558.73,4543.65,4545.86,27430
2026-05-15 16:00:00,4545.86,4557.61,4511.76,4533.48,38477
2026-05-15 17:00:00,4533.44,4566.49,4525.42,4562.75,37936
2026-05-15 18:00:00,4562.89,4563.29,4533.72,4539.85,29869
2026-05-15 19:00:00,4539.85,4548.08,4529.35,4544.38,22468
2026-05-15 20:00:00,4544.34,4564.47,4543.16,4559.59,20894
2026-05-15 21:00:00,4559.67,4563.1,4552.36,4559.3,18796
2026-05-15 22:00:00,4559.31,4560.22,4544.96,4545.86,18321
2026-05-18 01:00:00,4538.84,4554.89,4503.72,4546.19,14179
2026-05-18 02:00:00,4546.19,4548.09,4531.86,4537.14,17719
2026-05-18 03:00:00,4537.16,4542.55,4480.3,4516.0,31389
2026-05-18 04:00:00,4515.48,4535.77,4489.58,4525.46,35653
2026-05-18 05:00:00,4525.46,4542.87,4521.95,4533.72,23964
2026-05-18 06:00:00,4533.72,4547.94,4525.21,4541.2,22649
2026-05-18 07:00:00,4541.19,4549.83,4530.01,4540.68,19867
2026-05-18 08:00:00,4540.7,4552.07,4529.91,4530.94,22908
2026-05-18 09:00:00,4530.94,4548.16,4529.68,4546.82,24872
2026-05-18 10:00:00,4546.82,4559.92,4538.27,4546.27,22316
2026-05-18 11:00:00,4546.27,4556.99,4542.69,4550.0,19826
2026-05-18 12:00:00,4550.0,4551.98,4540.09,4542.97,17481
2026-05-18 13:00:00,4542.97,4547.8,4531.94,4540.25,17767
2026-05-18 14:00:00,4540.25,4567.2,4529.85,4550.64,26605
2026-05-18 15:00:00,4550.63,4574.95,4545.3,4571.22,27994
2026-05-18 16:00:00,4571.21,4584.27,4561.85,4575.91,33129
2026-05-18 17:00:00,4575.91,4575.91,4537.85,4546.5,36867
2026-05-18 18:00:00,4546.49,4547.96,4531.88,4543.59,29912
2026-05-18 19:00:00,4543.59,4554.44,4533.96,4550.21,22322
2026-05-18 20:00:00,4550.21,4558.32,4545.57,4547.0,17898
2026-05-18 21:00:00,4547.0,4547.81,4534.08,4535.93,18229
2026-05-18 22:00:00,4535.93,4565.04,4535.36,4558.43,26565
2026-05-19 01:00:00,4566.4,4578.32,4565.9,4573.89,6805
2026-05-19 02:00:00,4573.87,4589.0,4573.7,4581.79,10731
2026-05-19 03:00:00,4581.79,4589.24,4561.3,4563.41,21103
2026-05-19 04:00:00,4563.34,4572.48,4554.14,4563.83,24062
2026-05-19 05:00:00,4563.83,4563.83,4545.99,4547.19,21358
2026-05-19 06:00:00,4547.19,4555.12,4543.59,4545.09,16299
2026-05-19 07:00:00,4545.09,4545.7,4538.05,4542.43,14813
2026-05-19 08:00:00,4542.45,4546.61,4530.89,4540.91,20142
2026-05-19 09:00:00,4540.91,4553.93,4533.46,4548.17,22826
2026-05-19 10:00:00,4548.17,4559.28,4541.41,4557.22,18962
2026-05-19 11:00:00,4557.22,4559.15,4536.4,4542.79,17194
2026-05-19 12:00:00,4542.78,4546.81,4536.11,4541.85,17793
2026-05-19 13:00:00,4541.85,4544.7,4525.47,4544.7,18188
2026-05-19 14:00:00,4544.7,4548.0,4529.85,4530.72,17661
2026-05-19 15:00:00,4530.72,4547.16,4527.4,4537.12,19585
2026-05-19 16:00:00,4537.12,4537.43,4464.68,4503.81,38920
2026-05-19 17:00:00,4503.81,4514.42,4484.46,4494.11,34779
2026-05-19 18:00:00,4494.11,4509.23,4489.81,4508.44,27246
2026-05-19 19:00:00,4508.44,4512.45,4496.09,4507.71,18397
2026-05-19 20:00:00,4507.71,4511.07,4499.1,4500.82,17198
2026-05-19 21:00:00,4500.82,4503.74,4490.22,4493.67,17268
2026-05-19 22:00:00,4493.67,4497.6,4481.24,4483.47,16583
2026-05-20 01:00:00,4482.5,4485.86,4477.39,4484.28,7914
2026-05-20 02:00:00,4484.28,4496.38,4479.81,4489.25,10718
2026-05-20 03:00:00,4489.25,4508.83,4479.62,4500.99,23368
2026-05-20 04:00:00,4500.99,4506.28,4456.24,4481.27,28592
2026-05-20 05:00:00,4481.24,4486.99,4458.61,4465.33,24557
2026-05-20 06:00:00,4465.3,4467.28,4453.52,4463.7,18796
2026-05-20 07:00:00,4463.7,4470.67,4456.64,4462.08,16063
2026-05-20 08:00:00,4462.1,4479.21,4461.69,4472.73,19440
2026-05-20 09:00:00,4472.74,4478.5,4461.39,4474.36,22775
2026-05-20 10:00:00,4474.36,4485.95,4471.85,4478.59,19665
2026-05-20 11:00:00,4478.59,4490.11,4476.72,4484.14,20038
2026-05-20 12:00:00,4484.04,4490.96,4472.7,4484.98,16736
2026-05-20 13:00:00,4484.98,4497.16,4484.74,4494.62,14774
2026-05-20 14:00:00,4494.62,4501.17,4490.88,4499.17,15668
2026-05-20 15:00:00,4499.17,4505.36,4493.01,4496.23,18295
2026-05-20 16:00:00,4496.23,4506.2,4482.02,4483.07,28316
2026-05-20 17:00:00,4483.07,4537.2,4467.02,4531.26,38319
2026-05-20 18:00:00,4531.26,4553.07,4523.17,4529.07,33347
2026-05-20 19:00:00,4529.07,4535.48,4524.11,4534.52,21995
2026-05-20 20:00:00,4534.52,4538.27,4529.87,4531.21,18826
2026-05-20 21:00:00,4531.21,4545.04,4529.31,4542.35,16996
2026-05-20 22:00:00,4542.35,4550.23,4541.77,4545.74,15369
2026-05-21 01:00:00,4539.88,4548.27,4535.35,4539.81,10309
2026-05-21 02:00:00,4539.81,4547.06,4534.58,4546.53,9766
2026-05-21 03:00:00,4546.55,4553.29,4537.29,4545.26,17605
2026-05-21 04:00:00,4545.26,4570.94,4539.86,4560.99,23370
2026-05-21 05:00:00,4560.99,4564.88,4531.5,4533.23,20452
2026-05-21 06:00:00,4533.23,4540.27,4527.27,4528.26,14746
2026-05-21 07:00:00,4528.25,4540.51,4527.36,4538.42,11646
2026-05-21 08:00:00,4538.44,4540.42,4518.43,4527.98,18605
2026-05-21 09:00:00,4527.9,4539.99,4518.85,4521.61,19979
2026-05-21 10:00:00,4521.61,4524.52,4511.83,4519.65,16506
2026-05-21 11:00:00,4519.65,4536.77,4518.33,4532.52,21243
2026-05-21 12:00:00,4532.52,4542.96,4527.85,4530.67,18506
2026-05-21 13:00:00,4530.67,4535.33,4505.02,4511.49,27064
2026-05-21 14:00:00,4511.49,4521.31,4508.02,4514.11,21053
2026-05-21 15:00:00,4514.09,4519.26,4502.3,4504.08,23596
2026-05-21 16:00:00,4504.08,4521.18,4488.69,4513.3,31621
2026-05-21 17:00:00,4513.39,4515.39,4498.22,4508.93,30868
2026-05-21 18:00:00,4508.79,4515.33,4496.69,4511.93,26304
2026-05-21 19:00:00,4511.93,4520.84,4511.93,4519.48,20855
2026-05-21 20:00:00,4519.48,4559.27,4514.18,4551.51,28534
2026-05-21 21:00:00,4551.51,4556.15,4527.42,4531.98,26414
2026-05-21 22:00:00,4531.98,4543.83,4529.83,4543.11,18793
2026-05-22 01:00:00,4539.63,4545.69,4538.95,4543.38,7043
2026-05-22 02:00:00,4543.38,4545.17,4532.54,4535.44,8148
2026-05-22 03:00:00,4535.45,4541.07,4525.64,4526.78,16416
2026-05-22 04:00:00,4526.78,4536.31,4521.07,4526.31,24721
2026-05-22 05:00:00,4526.31,4529.37,4518.52,4523.06,17652
2026-05-22 06:00:00,4523.07,4529.93,4519.19,4529.49,12837
2026-05-22 07:00:00,4529.49,4532.95,4525.48,4527.26,10203
2026-05-22 08:00:00,4527.22,4534.31,4507.54,4511.13,15158
2026-05-22 09:00:00,4511.14,4528.95,4510.07,4526.88,20025
2026-05-22 10:00:00,4526.88,4527.47,4516.2,4521.96,15649
2026-05-22 11:00:00,4522.09,4531.23,4517.0,4521.88,17416
2026-05-22 12:00:00,4521.88,4536.14,4514.88,4532.28,15717
2026-05-22 13:00:00,4532.28,4536.84,4510.36,4514.56,15731
2026-05-22 14:00:00,4514.56,4525.23,4511.53,4520.68,15255
2026-05-22 15:00:00,4520.68,4535.94,4515.03,4528.2,24636
2026-05-22 16:00:00,4528.14,4534.33,4510.36,4513.79,30981
2026-05-22 17:00:00,4513.88,4513.88,4491.82,4500.65,30521
2026-05-22 18:00:00,4500.65,4522.36,4500.29,4520.12,20782
2026-05-22 19:00:00,4520.12,4526.82,4512.38,4514.94,16832
2026-05-22 20:00:00,4514.96,4527.9,4513.09,4519.27,19297
2026-05-22 21:00:00,4519.32,4520.15,4511.96,4515.12,14245
2026-05-22 22:00:00,4515.15,4515.87,4504.29,4508.22,14871
2026-05-25 01:00:00,4526.16,4565.56,4507.36,4564.97,19218
2026-05-25 02:00:00,4564.97,4580.03,4564.95,4567.09,11741
2026-05-25 03:00:00,4567.1,4579.62,4566.15,4569.49,15911
2026-05-25 04:00:00,4569.49,4576.32,4560.23,4562.81,20547
2026-05-25 05:00:00,4562.81,4570.18,4558.96,4561.37,14747
2026-05-25 06:00:00,4561.37,4564.5,4556.73,4559.72,12539
2026-05-25 07:00:00,4559.72,4565.91,4559.36,4564.85,9148
2026-05-25 08:00:00,4564.85,4566.1,4551.94,4553.38,11603
2026-05-25 09:00:00,4553.38,4563.24,4550.47,4562.44,14721
2026-05-25 10:00:00,4562.47,4565.13,4552.52,4564.8,14566
2026-05-25 11:00:00,4564.8,4565.01,4553.43,4556.15,10280
2026-05-25 12:00:00,4556.15,4569.11,4555.03,4567.64,9410
2026-05-25 13:00:00,4567.64,4573.74,4567.62,4568.65,10122
2026-05-25 14:00:00,4568.8,4576.97,4567.63,4569.54,10063
2026-05-25 15:00:00,4569.4,4570.25,4552.86,4567.7,14755
2026-05-25 16:00:00,4567.69,4571.32,4560.13,4563.15,15126
2026-05-25 17:00:00,4563.16,4570.54,4562.42,4566.83,12947
2026-05-25 18:00:00,4566.75,4574.71,4565.65,4570.9,12560
2026-05-25 19:00:00,4570.9,4574.65,4568.0,4573.6,8037
2026-05-25 20:00:00,4573.6,4577.98,4563.29,4565.12,7671
2026-05-25 21:00:00,4565.12,4571.45,4564.42,4569.39,2028
2026-05-26 01:00:00,4570.32,4576.6,4569.0,4574.86,7674
2026-05-26 02:00:00,4574.86,4580.5,4554.99,4559.6,12880
2026-05-26 03:00:00,4559.6,4560.23,4539.42,4549.57,19307
2026-05-26 04:00:00,4549.57,4550.38,4527.62,4536.98,22928
2026-05-26 05:00:00,4536.98,4539.55,4530.15,4532.17,13136
2026-05-26 06:00:00,4532.17,4545.41,4532.03,4542.33,10182
2026-05-26 07:00:00,4542.35,4543.2,4523.54,4525.41,9694
2026-05-26 08:00:00,4525.43,4535.14,4522.87,4527.29,14084
2026-05-26 09:00:00,4527.29,4536.18,4527.0,4531.0,14967
2026-05-26 10:00:00,4531.0,4538.98,4521.67,4538.23,18386
2026-05-26 11:00:00,4538.24,4538.8,4520.17,4523.72,15457
2026-05-26 12:00:00,4523.72,4526.46,4512.08,4522.71,16001
2026-05-26 13:00:00,4522.71,4540.53,4519.44,4534.52,16249
2026-05-26 14:00:00,4534.73,4536.23,4503.67,4507.17,19677
2026-05-26 15:00:00,4507.17,4523.79,4500.73,4520.43,20346
2026-05-26 16:00:00,4520.43,4531.31,4512.24,4513.98,23869
2026-05-26 17:00:00,4513.99,4524.98,4507.73,4515.24,22890
2026-05-26 18:00:00,4515.29,4515.59,4502.33,4506.48,22059
2026-05-26 19:00:00,4506.53,4511.26,4499.78,4504.9,16067
2026-05-26 20:00:00,4504.9,4507.55,4490.07,4490.94,17437
2026-05-26 21:00:00,4490.94,4499.65,4482.41,4499.32,14777
2026-05-26 22:00:00,4499.32,4509.98,4497.72,4509.0,12002
2026-05-27 01:00:00,4504.27,4538.08,4498.01,4510.94,12409
2026-05-27 02:00:00,4510.94,4527.91,4504.46,4519.73,11040
2026-05-27 03:00:00,4519.73,4525.78,4514.05,4515.14,13251
2026-05-27 04:00:00,4515.14,4521.14,4506.9,4507.9,15261
2026-05-27 05:00:00,4507.97,4509.58,4498.11,4505.76,12766
2026-05-27 06:00:00,4505.76,4511.91,4496.63,4497.11,9684
2026-05-27 07:00:00,4497.09,4517.29,4495.82,4510.16,10623
2026-05-27 08:00:00,4510.24,4513.95,4491.78,4497.53,17517
2026-05-27 09:00:00,4497.48,4499.23,4479.95,4485.24,19023
2026-05-27 10:00:00,4485.23,4489.17,4475.72,4482.01,15542
2026-05-27 11:00:00,4482.01,4498.76,4481.52,4497.86,14416
2026-05-27 12:00:00,4497.86,4497.86,4487.05,4490.21,10798
2026-05-27 13:00:00,4490.21,4490.71,4442.77,4445.76,19819
2026-05-27 14:00:00,4445.76,4453.25,4424.99,4428.49,21587
2026-05-27 15:00:00,4428.45,4466.63,4427.44,4438.89,26083
2026-05-27 16:00:00,4438.89,4439.05,4401.52,4427.49,32451
2026-05-27 17:00:00,4427.5,4455.51,4426.06,4433.97,27584
2026-05-27 18:00:00,4433.97,4441.55,4428.15,4436.49,19831
2026-05-27 19:00:00,4436.51,4453.29,4434.17,4450.85,14219
2026-05-27 20:00:00,4450.85,4454.31,4441.47,4450.34,14207
2026-05-27 21:00:00,4450.34,4458.54,4447.7,4454.36,10402
2026-05-27 22:00:00,4454.36,4454.81,4448.82,4450.95,10051
2026-05-28 01:00:00,4453.3,4465.16,4450.79,4457.32,6757
2026-05-28 02:00:00,4457.32,4457.7,4443.95,4447.08,10190
2026-05-28 03:00:00,4447.1,4457.91,4443.86,4457.08,14487
2026-05-28 04:00:00,4457.08,4458.74,4406.97,4409.95,22644
2026-05-28 05:00:00,4409.99,4412.51,4392.59,4394.32,19483
2026-05-28 06:00:00,4394.32,4397.87,4368.4,4374.82,20393
2026-05-28 07:00:00,4374.78,4381.98,4366.52,4373.0,18161
2026-05-28 08:00:00,4373.02,4395.78,4367.14,4388.01,17804
2026-05-28 09:00:00,4388.01,4390.66,4374.27,4383.52,16541
2026-05-28 10:00:00,4383.55,4396.31,4382.86,4387.56,15191
2026-05-28 11:00:00,4387.56,4394.98,4385.88,4386.9,15357
2026-05-28 12:00:00,4386.9,4398.91,4386.43,4393.59,14955
2026-05-28 13:00:00,4393.59,4404.14,4375.36,4382.97,16429
2026-05-28 14:00:00,4382.97,4390.49,4381.05,4387.96,16436
2026-05-28 15:00:00,4387.96,4433.91,4379.6,4432.21,21069
2026-05-28 16:00:00,4432.23,4439.16,4418.19,4430.54,27181
2026-05-28 17:00:00,4430.48,4480.48,4420.78,4469.38,34753
2026-05-28 18:00:00,4469.39,4484.95,4468.7,4482.33,22193
2026-05-28 19:00:00,4482.33,4511.02,4477.89,4510.98,20589
2026-05-28 20:00:00,4510.98,4514.54,4501.19,4508.91,15642
2026-05-28 21:00:00,4508.91,4516.54,4498.58,4501.07,15403
2026-05-28 22:00:00,4501.07,4503.74,4497.13,4497.96,11517
2026-05-29 01:00:00,4492.98,4498.94,4488.5,4491.07,7825
2026-05-29 02:00:00,4491.07,4497.03,4489.03,4495.13,8707
2026-05-29 03:00:00,4495.13,4500.54,4492.27,4496.12,14842
2026-05-29 04:00:00,4496.12,4520.64,4492.41,4506.47,21741
2026-05-29 05:00:00,4506.47,4511.19,4498.43,4501.79,14706
2026-05-29 06:00:00,4501.79,4502.08,4494.87,4501.3,14049
2026-05-29 07:00:00,4501.31,4514.83,4501.05,4514.18,10818
2026-05-29 08:00:00,4514.17,4515.69,4502.7,4514.95,12398
2026-05-29 09:00:00,4514.95,4524.08,4510.03,4523.7,18870
2026-05-29 10:00:00,4523.7,4526.21,4510.75,4524.66,16991
2026-05-29 11:00:00,4524.66,4524.72,4509.92,4514.84,15225
2026-05-29 12:00:00,4514.85,4539.53,4513.2,4531.14,16475
2026-05-29 13:00:00,4531.23,4543.44,4525.58,4538.61,16297
2026-05-29 14:00:00,4538.61,4540.46,4525.95,4538.44,15869
2026-05-29 15:00:00,4538.44,4538.56,4512.74,4522.97,20872
2026-05-29 16:00:00,4523.1,4540.74,4517.11,4536.8,26588
2026-05-29 17:00:00,4536.79,4570.48,4525.5,4564.22,31167
2026-05-29 18:00:00,4564.11,4595.18,4557.77,4571.14,30771
2026-05-29 19:00:00,4571.14,4573.51,4560.11,4566.96,18623
2026-05-29 20:00:00,4566.96,4568.61,4551.64,4553.45,17219
2026-05-29 21:00:00,4553.45,4561.74,4550.88,4553.43,15395
2026-05-29 22:00:00,4553.24,4560.18,4542.98,4545.6,13925
2026-06-01 01:00:00,4535.56,4540.35,4509.54,4535.27,11563
2026-06-01 02:00:00,4535.27,4545.74,4535.08,4539.57,10348
2026-06-01 03:00:00,4539.57,4546.06,4535.28,4540.67,14064
2026-06-01 04:00:00,4540.76,4541.25,4523.74,4525.48,18078
2026-06-01 05:00:00,4525.48,4534.47,4521.16,4521.42,14600
2026-06-01 06:00:00,4521.42,4525.51,4509.84,4516.25,13191
2026-06-01 07:00:00,4516.25,4519.65,4508.59,4514.47,8696
2026-06-01 08:00:00,4514.5,4525.18,4512.73,4518.3,13047
2026-06-01 09:00:00,4518.3,4518.81,4500.34,4501.71,16912
2026-06-01 10:00:00,4501.69,4509.99,4492.51,4503.09,15869
2026-06-01 11:00:00,4503.11,4504.5,4490.58,4498.13,15064
2026-06-01 12:00:00,4498.12,4506.28,4489.24,4496.01,14598
2026-06-01 13:00:00,4496.01,4510.96,4496.01,4503.96,12504
2026-06-01 14:00:00,4503.96,4512.92,4499.83,4505.83,12720
2026-06-01 15:00:00,4505.83,4510.45,4497.43,4502.25,16659
2026-06-01 16:00:00,4502.25,4503.89,4448.95,4450.19,33738
2026-06-01 17:00:00,4450.19,4464.87,4447.68,4458.72,26310
2026-06-01 18:00:00,4458.76,4479.97,4455.64,4474.16,20960
2026-06-01 19:00:00,4474.2,4482.16,4463.09,4480.08,16824
2026-06-01 20:00:00,4480.08,4495.45,4471.42,4487.56,18025
2026-06-01 21:00:00,4487.56,4490.26,4484.89,4486.73,9750
2026-06-01 22:00:00,4486.73,4488.25,4479.17,4481.19,10963
2026-06-02 01:00:00,4475.12,4486.69,4475.12,4485.63,5892
2026-06-02 02:00:00,4485.62,4488.3,4479.38,4484.42,6782
2026-06-02 03:00:00,4484.42,4497.22,4476.6,4481.54,15539
2026-06-02 04:00:00,4481.37,4492.26,4462.94,4474.18,22569
2026-06-02 05:00:00,4474.18,4486.49,4472.08,4485.91,15184
2026-06-02 06:00:00,4485.91,4499.51,4485.71,4499.32,12961
2026-06-02 07:00:00,4499.32,4518.21,4497.75,4517.36,10535
2026-06-02 08:00:00,4517.4,4528.24,4515.24,4517.03,14463
2026-06-02 09:00:00,4517.03,4538.48,4516.92,4535.75,14939
2026-06-02 10:00:00,4535.75,4541.46,4527.99,4535.1,13397
2026-06-02 11:00:00,4535.1,4539.13,4525.96,4526.68,13976
2026-06-02 12:00:00,4526.7,4535.75,4521.56,4529.82,13229
2026-06-02 13:00:00,4529.82,4533.99,4524.65,4533.18,9832
2026-06-02 14:00:00,4533.24,4534.67,4525.59,4527.51,10995
2026-06-02 15:00:00,4527.51,4534.03,4513.47,4514.7,16237
2026-06-02 16:00:00,4514.7,4524.79,4502.66,4502.66,24557
2026-06-02 17:00:00,4502.66,4507.05,4490.35,4504.1,24016
2026-06-02 18:00:00,4504.21,4508.56,4500.15,4502.1,16625
2026-06-02 19:00:00,4502.1,4502.92,4486.39,4491.89,15020
2026-06-02 20:00:00,4491.89,4492.99,4482.07,4484.64,14661
2026-06-02 21:00:00,4484.64,4490.97,4478.74,4487.39,12892
2026-06-02 22:00:00,4487.39,4490.36,4483.45,4488.09,10651
2026-06-03 01:00:00,4480.04,4493.12,4480.04,4484.78,8773
2026-06-03 02:00:00,4484.76,4488.7,4462.22,4474.37,16673
2026-06-03 03:00:00,4474.37,4496.76,4473.8,4486.15,12709
2026-06-03 04:00:00,4485.97,4487.63,4463.33,4475.73,21682
2026-06-03 05:00:00,4475.83,4485.14,4472.75,4481.97,13966
2026-06-03 06:00:00,4481.97,4487.66,4481.89,4484.37,10108
2026-06-03 07:00:00,4484.37,4488.19,4468.38,4469.35,8308
2026-06-03 08:00:00,4469.37,4474.26,4456.66,4456.96,14762
2026-06-03 09:00:00,4456.96,4470.89,4455.22,4462.97,19646
2026-06-03 10:00:00,4462.98,4472.19,4452.89,4453.3,18541
2026-06-03 11:00:00,4453.3,4459.14,4440.18,4444.01,16930
2026-06-03 12:00:00,4444.0,4458.98,4438.99,4443.03,17418
2026-06-03 13:00:00,4443.06,4466.93,4440.93,4458.98,19034
2026-06-03 14:00:00,4458.98,4468.04,4458.48,4462.41,15183
2026-06-03 15:00:00,4462.43,4467.23,4448.19,4460.37,20316
2026-06-03 16:00:00,4460.37,4465.97,4426.29,4445.75,29620
2026-06-03 17:00:00,4445.75,4459.6,4442.41,4457.17,27870
2026-06-03 18:00:00,4457.17,4458.39,4436.91,4442.25,24421
2026-06-03 19:00:00,4442.24,4443.87,4433.92,4441.85,18924
2026-06-03 20:00:00,4441.93,4448.4,4435.57,4439.01,16292
2026-06-03 21:00:00,4439.01,4442.93,4435.3,4442.06,14474
2026-06-03 22:00:00,4442.06,4452.24,4441.44,4443.94,16282
2026-06-04 01:00:00,4431.66,4452.89,4424.02,4448.89,13135
2026-06-04 02:00:00,4449.01,4464.71,4445.35,4457.25,13322
2026-06-04 03:00:00,4457.25,4465.18,4444.11,4448.44,18748
2026-06-04 04:00:00,4448.42,4473.47,4443.41,4465.79,22230
2026-06-04 05:00:00,4465.73,4476.62,4455.57,4475.03,18071
2026-06-04 06:00:00,4475.0,4477.27,4458.23,4463.81,14363
2026-06-04 07:00:00,4463.81,4484.0,4462.37,4481.03,12070
2026-06-04 08:00:00,4481.05,4482.42,4466.91,4469.21,14402
2026-06-04 09:00:00,4469.21,4477.18,4462.95,4467.79,16687
2026-06-04 10:00:00,4467.79,4470.78,4459.78,4461.68,15798
2026-06-04 11:00:00,4461.68,4469.48,4458.56,4463.36,16914
2026-06-04 12:00:00,4463.36,4475.69,4461.1,4470.43,16592
2026-06-04 13:00:00,4470.43,4473.87,4464.26,4473.63,13663
2026-06-04 14:00:00,4473.63,4514.74,4468.79,4511.55,20037
2026-06-04 15:00:00,4511.55,4513.92,4491.26,4504.09,19968
2026-06-04 16:00:00,4504.08,4515.39,4495.44,4495.81,25274
2026-06-04 17:00:00,4495.81,4499.93,4457.26,4465.83,27466
2026-06-04 18:00:00,4465.83,4479.08,4463.77,4477.45,18375
2026-06-04 19:00:00,4477.46,4485.14,4475.39,4482.85,17011
2026-06-04 20:00:00,4482.85,4482.85,4474.02,4478.18,13372
2026-06-04 21:00:00,4478.18,4481.06,4472.73,4478.11,11716
2026-06-04 22:00:00,4478.14,4483.46,4476.18,4480.79,11366
2026-06-05 01:00:00,4472.06,4481.51,4467.9,4469.7,8846
2026-06-05 02:00:00,4469.79,4474.07,4460.44,4461.55,11991
2026-06-05 03:00:00,4461.55,4466.93,4450.65,4459.18,18278
2026-06-05 04:00:00,4459.18,4470.06,4444.06,4446.75,23128
2026-06-05 05:00:00,4446.78,4454.99,4438.48,4440.54,18868
2026-06-05 06:00:00,4440.54,4443.86,4435.24,4442.34,15351
2026-06-05 07:00:00,4442.34,4446.43,4437.43,4444.96,12604
2026-06-05 08:00:00,4444.99,4449.98,4438.65,4439.99,16054
2026-06-05 09:00:00,4439.99,4456.22,4428.81,4452.95,19940
2026-06-05 10:00:00,4452.96,4467.56,4451.9,4460.91,17132
2026-06-05 11:00:00,4460.91,4468.19,4458.66,4462.78,15709
2026-06-05 12:00:00,4462.78,4469.26,4458.93,4464.87,17567
2026-06-05 13:00:00,4464.87,4468.06,4461.81,4466.62,11662
2026-06-05 14:00:00,4466.62,4475.2,4458.63,4470.23,15162
2026-06-05 15:00:00,4470.23,4475.77,4404.82,4406.29,30751
2026-06-05 16:00:00,4406.29,4421.02,4365.59,4365.93,40768
2026-06-05 17:00:00,4365.93,4379.19,4344.56,4369.67,41661
2026-06-05 18:00:00,4369.67,4372.55,4334.03,4335.53,31763
2026-06-05 19:00:00,4335.44,4344.92,4323.46,4344.66,30265
2026-06-05 20:00:00,4344.66,4347.52,4335.89,4341.78,25687
2026-06-05 21:00:00,4341.78,4342.17,4315.23,4322.42,27712
2026-06-05 22:00:00,4322.42,4325.11,4313.84,4318.52,26389
2026-06-08 01:00:00,4326.33,4337.34,4309.74,4317.25,22004
2026-06-08 02:00:00,4317.25,4346.91,4317.25,4343.96,16487
2026-06-08 03:00:00,4343.96,4353.38,4339.69,4342.17,19700
2026-06-08 04:00:00,4342.17,4346.0,4299.84,4325.45,32438
2026-06-08 05:00:00,4325.45,4330.85,4307.3,4310.61,24334
2026-06-08 06:00:00,4310.61,4317.26,4303.53,4316.98,17043
2026-06-08 07:00:00,4316.98,4321.81,4307.62,4312.66,16541
2026-06-08 08:00:00,4312.66,4316.16,4268.51,4292.03,25621
2026-06-08 09:00:00,4292.03,4311.46,4291.96,4299.89,24312
2026-06-08 10:00:00,4299.89,4317.12,4294.34,4294.37,24094
2026-06-08 11:00:00,4294.37,4297.13,4285.33,4288.76,21376
2026-06-08 12:00:00,4288.76,4301.89,4273.03,4294.34,21837
2026-06-08 13:00:00,4294.34,4305.61,4286.15,4302.03,19315
2026-06-08 14:00:00,4302.03,4333.3,4297.16,4331.22,24653
2026-06-08 15:00:00,4331.24,4339.46,4320.21,4333.08,25318
2026-06-08 16:00:00,4333.15,4346.62,4321.34,4326.94,32887
2026-06-08 17:00:00,4326.94,4331.44,4314.69,4330.85,33451
2026-06-08 18:00:00,4330.85,4345.76,4322.52,4341.8,26370
2026-06-08 19:00:00,4341.8,4346.44,4337.9,4340.72,20864
2026-06-08 20:00:00,4340.72,4342.51,4332.08,4339.25,21206
2026-06-08 21:00:00,4339.08,4345.91,4333.1,4334.65,16856
2026-06-08 22:00:00,4334.65,4338.21,4323.33,4326.66,17590
2026-06-09 01:00:00,4327.96,4332.09,4322.71,4327.9,7420
2026-06-09 02:00:00,4327.9,4328.85,4312.79,4317.82,10144
2026-06-09 03:00:00,4317.77,4323.77,4315.04,4319.89,19507
2026-06-09 04:00:00,4319.84,4338.79,4318.64,4336.49,25025
2026-06-09 05:00:00,4336.49,4340.98,4328.22,4336.02,19661
2026-06-09 06:00:00,4336.02,4342.22,4331.25,4336.64,15502
2026-06-09 07:00:00,4336.64,4339.4,4324.19,4332.29,12101
2026-06-09 08:00:00,4332.29,4351.43,4330.97,4343.47,17607
2026-06-09 09:00:00,4343.47,4348.74,4330.29,4330.67,18244
2026-06-09 10:00:00,4330.67,4334.84,4322.22,4326.59,19625
2026-06-09 11:00:00,4326.59,4336.8,4321.28,4326.56,18946
2026-06-09 12:00:00,4326.57,4336.14,4324.15,4332.2,15910
2026-06-09 13:00:00,4332.2,4340.74,4325.46,4339.15,16137
2026-06-09 14:00:00,4339.15,4343.77,4335.66,4339.87,16482
2026-06-09 15:00:00,4339.89,4344.31,4334.78,4341.34,19449
2026-06-09 16:00:00,4341.34,4363.5,4325.07,4328.91,34457
2026-06-09 17:00:00,4329.0,4335.93,4278.47,4300.61,44137
2026-06-09 18:00:00,4300.61,4302.07,4263.08,4272.33,40594
2026-06-09 19:00:00,4272.33,4281.13,4236.55,4252.2,44015
2026-06-09 20:00:00,4252.07,4268.12,4251.23,4263.11,32410
2026-06-09 21:00:00,4263.21,4274.27,4259.63,4269.97,25379
2026-06-09 22:00:00,4269.97,4271.73,4249.93,4258.72,26366
2026-06-10 01:00:00,4247.1,4257.36,4232.3,4237.24,13399
2026-06-10 02:00:00,4237.24,4247.27,4210.38,4221.96,20451
2026-06-10 03:00:00,4221.93,4228.37,4198.89,4218.14,29558
2026-06-10 04:00:00,4218.14,4218.94,4183.7,4188.67,35390
2026-06-10 05:00:00,4188.68,4192.63,4173.27,4174.06,31907
2026-06-10 06:00:00,4174.06,4186.5,4172.87,4184.87,22463
2026-06-10 07:00:00,4184.87,4187.27,4172.45,4174.86,17812
2026-06-10 08:00:00,4174.86,4209.06,4173.44,4205.21,25135
2026-06-10 09:00:00,4205.21,4221.87,4201.75,4203.87,23664
2026-06-10 10:00:00,4203.87,4207.98,4181.62,4186.15,22143
2026-06-10 11:00:00,4186.14,4187.46,4161.35,4168.04,16561
